{
  "sol_idr": {
    "entry_price": 1385000.0,
    "coin_amount": 0.7220216606498195,
    "idr_invested": 1000000.0,
    "stop_loss": 1357300.0,
    "take_profit": 1426550.0,
    "entry_time": "2026-03-30 07:16:07.586639"
  }
}